,name,title,like,text
0,Nebojsha Antic 🌟,"Senior Data Analyst & TL @Valtech | Instructor @SMX Academy 🌐Certified Microsoft AI Engineer, Fabric Data & Analytics Engineer, Azure Administrator, Data Scientist and Power BI Data Analyst",9,"⏱Assess data complexity early to estimate realistic integration time.
📊Prioritize data sources based on impact and ease of integration.
💬Align expectations with stakeholders by sharing technical constraints.
🔄Break integration into sprints with milestones to track progress.
🛠Automate preprocessing steps to reduce manual transformation time.
📅Build buffer time for unforeseen issues in the timeline.
🧠Use data profiling tools to uncover schema mismatches or anomalies.
🤝Foster transparency to build trust and maintain delivery confidence.…see moreLike9"
1,"Arivukkarasan Raja, PhD","Director of IT → VP IT | Enterprise Architecture | AI Governance | Digital Operating Models | Reduced tech debt, drove platform innovation | Trusted to align IT strategy with C-suite impact | PhD in Robotics & AI",2,"I manage expectations by quickly assessing scope, identifying potential blockers, and prioritizing critical data sources. I communicate timelines transparently, highlight any trade-offs, and provide regular updates. By delivering in phases and aligning on business impact, I keep stakeholders informed, build trust, and ensure focused progress despite tight deadlines.…see moreLike2"
2,Sharmendra Vishwakarma,Digital Transformation & Enterprise Architecture Leadership | Director – Technology Services | Platform Modernization & Delivery Excellence | Enterprise AI Strategy,2,"Let’s be transparent from day one. You should communicate what’s possible, what’s not, and the trade-offs involved. You can prioritize quick wins while keeping long-term goals in sight. And involve stakeholders early to avoid surprises and build trust throughout the process.…see moreLike2"
3,Salim Shaikh,"Independent IT Operations & Transition Consultant @ Self-Employed | Leadership, Automation and Reporting",1,Assess data completely and using Eisenhower matrix prioritize the work and maintain regular follow up with the stake holders.…see moreLike1
4,Bhavanishankar Ravindra,"Breaking barriers since birth – AI and Innovation Enthusiast, Disability Advocate, Storyteller and National award winner from the Honorable President of India",1,"Tight deadlines for new data source integration? Buckle up! My strategy starts with transparent communication right off the bat. I would clearly outline the complexities involved in bringing in new data, mapping, cleaning, transforming and set realistic timelines based on those challenges. Breaking the integration into smaller, manageable phases with clear milestones helps manage expectations and show progress. Regular updates on our progress, highlighting any roadblocks early, are crucial. It's about setting realistic expectations upfront and keeping everyone informed along the way, ensuring no one is surprised by the time it takes to do it right. Quality data integration takes time, and honesty is the best policy!…see moreLike1"
5,Pooja Doddannavar,"Data Engineer | HSB-Munich re, Ex-Amazon Web Services | Amazon Certified Solution Architect Associate",2,"I start with transparent communication—outlining the real effort behind mapping, cleaning, and transforming new data. I break the work into phases with milestones so stakeholders can see progress early.

Setting realistic timelines and sharing regular updates, especially around blockers, helps manage expectations and build trust.

Good data integration takes time—and clarity beats overpromising every time.…see moreLike2"
6,Travis A Lane,Data Engineer | Pipeline Architecture | Secure & Scalable Systems | CSP,2,"To manage expectations effectively under tight deadlines, I prioritize transparent communication. I provide stakeholders with a clear overview of current progress, any risks or blockers, and realistic delivery timelines. I break down integration steps into milestones, so progress is visible and feedback loops stay tight. If priorities shift or delays arise, I proactively alert stakeholders and suggest trade-offs or phased rollouts to maintain trust and momentum.…see moreLike2"
7,Dr(H.C) Prachetan Potadar,"""Creative Director | Writer | Advertising & PR Strategist | Founder, Stay Featured | Mentor – Crafting Stories, Building Brands, and Nurturing Insights""/Proud to be  ""LinkedIn Commentator """,1,"Asia-Pacific's digital surge is reshaping data integration strategies. With the region's data integration market projected to reach $8.32B by 2030, growing at a 15.5% CAGR , and India's data center capacity surpassing 950 MW , the demand for agile data handling is paramount. Companies like Sony have leveraged this momentum, tripling Crunchyroll's subscribers to over 17 million by March 2025 . Success hinges on early data profiling, phased rollouts, and transparent stakeholder communication. In this dynamic landscape, adaptability and clear expectations are key to effective data integration…see moreLike1"
8,Gnana Phanideep P.,Senior Engineer,6,"When facing tight deadlines for integrating new data sources, I prioritize clear communication around the importance of validation. I view validation as non-negotiable — it’s essential to ensure the accuracy, consistency, and reliability of the integrated data. 

I proactively share a concise validation plan with stakeholders, outlining the specific checks being performed and how they protect data quality. By demonstrating the impact of validation on downstream analytics and decision-making, I help stakeholders understand why this step is critical and requires adequate time. This approach aligns expectations with the reality of data integration, promotes transparency, and reinforces our shared commitment to delivering trustworthy results.…see moreLike6"
